description,effective_domain_size,goshv,intersection_size,intersections,name,native,p_value,parents,precision,query,query_size,recall,significant,source,term_size,source_order,group_id
"""A molecular function representing the directed movement of electrons from one molecular entity to another, typically mediated by electron carriers or acceptors, resulting in the transfer of energy and/or the reduction-oxidation (redox) transformation of chemical species. This activity is fundamental to various biological processes, including cellular respiration and photosynthesis, as well as numerous enzymatic reactions involved in metabolic pathways."" [Wikipedia:Electron_transfer]",22878,2091,14,"[[], [], [], [], [], [], [], [], [], [], [], [], [], [], [], [], [], [], [], [], [], [], [], [], [], [], [], [], [], [], [], [], [], [], [], [], [], [], [], [], [], [], [], [], [], [], [], [], ['IEA'], [], [], [], ['IEA'], ['IEA'], [], [], [], [], [], [], [], [], [], [], [], [], [], [], [], [], [], [], [], [], [], [], [], [], [], [], [], [], [], [], [], [], [], [], [], [], [], [], [], [], [], [], [], [], [], [], [], [], [], [], [], [], [], [], [], [], [], [], [], [], [], [], [], [], [], [], [], [], [], [], [], [], [], [], [], [], [], [], ['IEA'], ['IEA'], ['IEA'], [], ['IEA'], [], ['IEA'], [], ['IEA'], ['IEA'], ['IEA'], ['IEA'], ['IEA'], ['IEA'], [], [], []]",electron transfer activity,GO:0009055,9.27432008713978e-12,['GO:0003674'],0.10294117647058823,query_1,136,0.11290322580645161,True,GO:MF,124,2091,1
"""Either of the lipid bilayers that surround the mitochondrion and form the mitochondrial envelope."" [GOC:mah, NIF_Subcellular:sao1045389829]",20029,37376,19,"[['IEA'], [], [], [], [], [], [], [], ['IDA', 'IEA'], [], [], [], [], ['IEA'], [], [], [], ['IEA'], [], ['IDA', 'IEA'], [], [], [], [], [], [], [], [], [], [], [], [], [], [], [], [], [], [], [], [], [], [], ['IEA'], [], [], [], [], [], [], [], [], [], [], [], [], [], [], [], ['IDA', 'IEA'], [], [], [], [], [], [], [], [], [], ['IEA'], [], [], [], [], [], [], [], [], [], [], [], [], [], [], [], [], [], [], [], [], [], [], [], [], [], [], [], [], [], [], [], [], [], [], [], [], [], [], [], [], [], ['IBA', 'IEA'], ['IEA'], ['IEA'], ['IEA'], [], ['IEA'], ['IEA'], [], [], [], [], [], [], [], [], [], [], [], [], [], [], [], ['IEA'], ['IEA'], [], [], ['IEA'], [], ['IEA'], [], [], [], [], [], [], [], [], ['IEA'], []]",mitochondrial membrane,GO:0031966,2.686085378620083e-10,"['GO:0005740', 'GO:0031090']",0.14285714285714285,query_1,133,0.05397727272727273,True,GO:CC,352,1186,5
"""The double lipid bilayer enclosing the mitochondrion and separating its contents from the cell cytoplasm; includes the intermembrane space."" [GOC:ai, GOC:pz]",20029,36496,19,"[['TAS', 'IEA'], [], [], [], [], [], [], [], ['IDA', 'IEA'], [], [], [], [], ['IEA'], [], [], [], ['IEA'], [], ['IDA', 'IEA'], [], [], [], [], [], [], [], [], [], [], [], [], [], [], [], [], [], [], [], [], [], [], ['IEA'], [], [], [], [], [], [], [], [], [], [], [], [], [], [], [], ['IDA', 'IEA'], [], [], [], [], [], [], [], [], [], ['IEA'], [], [], [], [], [], [], [], [], [], [], [], [], [], [], [], [], [], [], [], [], [], [], [], [], [], [], [], [], [], [], [], [], [], [], [], [], [], [], [], [], [], ['HDA', 'IBA', 'IEA'], ['HDA', 'IEA'], ['HDA', 'IEA'], ['HDA', 'IEA'], [], ['IEA'], ['IEA'], [], [], [], [], [], [], [], [], [], [], [], [], [], [], [], ['IEA'], ['IEA'], [], [], ['IEA'], [], ['IEA'], [], [], [], [], [], [], [], [], ['IEA'], []]",mitochondrial envelope,GO:0005740,5.580150256384844e-10,"['GO:0005739', 'GO:0031967']",0.14285714285714285,query_1,133,0.051771117166212535,True,GO:CC,367,306,5
"""A process in which a series of electron carriers operate together to transfer electrons from donors to any of several different terminal electron acceptors."" [GOC:mtg_electron_transport]",21925,16751,15,"[[], [], [], [], [], [], [], [], [], [], [], [], [], [], [], [], [], [], [], [], [], [], [], [], [], [], [], [], [], [], [], [], [], [], [], [], [], [], [], [], [], [], [], [], [], [], [], [], ['IEA'], [], [], [], ['IEA'], ['IEA'], [], [], [], [], [], [], [], [], [], [], [], [], [], [], [], [], [], [], [], [], [], [], [], [], [], [], [], [], [], [], [], [], [], [], [], [], [], [], [], [], [], [], [], [], [], [], [], [], [], [], [], [], [], [], [], [], [], [], [], [], [], [], [], [], [], [], [], [], [], [], [], [], [], [], [], [], [], [], ['IEA'], ['IEA'], ['IEA'], [], ['IEA'], ['IEA'], ['IEA'], [], [], ['TAS', 'IEA'], ['IEA'], ['IEA'], ['IEA'], ['IEA'], [], ['IEA'], []]",electron transport chain,GO:0022900,6.144089477647211e-10,['GO:0006091'],0.11194029850746269,query_1,134,0.07772020725388601,True,GO:BP,193,6597,9
"""A double membrane structure enclosing an organelle, including two lipid bilayers and the region between them. In some cases, an organelle envelope may have more than two membranes."" [GOC:mah, GOC:pz]",20029,37377,34,"[['HDA', 'TAS', 'IEA'], [], [], ['HDA', 'TAS', 'IEA'], [], [], [], [], ['IDA', 'IEA'], [], [], [], [], ['IEA'], [], [], [], ['IEA'], [], ['IDA', 'IEA'], [], [], [], [], [], [], [], [], [], [], [], [], [], [], ['IDA', 'HDA', 'IEA'], [], [], [], [], [], [], [], ['IDA', 'IEA'], ['IDA', 'HDA'], [], [], [], [], [], [], [], [], [], [], [], [], [], [], ['IDA', 'IEA'], [], [], [], [], [], ['IEA'], [], [], [], ['IEA'], [], [], [], [], [], [], [], [], [], [], [], [], [], [], [], [], [], [], [], [], [], [], [], [], [], [], [], [], [], [], [], [], [], [], [], [], [], [], [], [], [], ['HDA', 'IBA', 'IEA'], ['HDA', 'IEA'], ['HDA', 'IEA'], ['HDA', 'IEA'], [], ['IEA'], ['IEA'], ['HDA', 'IEA'], [], ['HDA'], [], ['IEA'], [], [], [], [], [], [], [], ['IDA', 'HDA', 'IEA'], ['IDA', 'HDA', 'IEA'], [], ['IEA'], ['IEA'], [], [], ['IEA'], [], ['IEA'], [], [], ['HDA', 'IEA'], ['HDA', 'IEA'], ['HDA', 'IEA'], ['HDA', 'IEA'], ['HDA', 'IEA'], ['HDA'], ['IEA'], []]",organelle envelope,GO:0031967,7.1584325890379395e-09,"['GO:0043227', 'GO:0043229', 'GO:0110165']",0.2556390977443609,query_1,133,0.023415977961432508,True,GO:CC,1452,1187,5
"""A membrane that is one of the two lipid bilayers of an organelle envelope or the outermost membrane of single membrane bound organelle."" [GOC:dos, GOC:mah]",20029,37207,42,"[['IEA'], [], [], ['TAS', 'IEA'], [], [], [], ['IDA', 'IEA'], ['IDA', 'IEA'], [], [], [], [], ['IEA'], [], [], [], ['IEA'], [], ['IDA', 'IEA'], [], [], [], [], [], [], [], [], [], [], [], [], [], [], [], [], [], [], [], [], [], ['IEA'], ['IDA', 'IEA'], [], [], [], [], [], [], [], [], [], [], [], ['IEA'], ['IEA'], [], [], ['IDA', 'IEA'], [], [], [], [], [], ['IEA'], [], [], [], ['IEA'], [], [], [], ['IEA'], ['IEA'], [], [], [], [], [], [], [], [], [], [], [], [], [], [], [], [], [], ['IEA'], [], [], [], [], [], ['IEA'], [], [], [], [], [], [], [], [], [], [], ['IEA'], [], ['IBA', 'IEA'], ['IEA'], ['IEA'], ['IEA'], [], ['IEA'], ['IEA'], ['HDA', 'IEA'], [], ['HDA', 'IEA'], [], ['IEA'], [], [], ['IDA', 'IEA'], [], [], [], [], ['HDA', 'IEA'], ['HDA', 'IEA'], [], ['IEA'], ['IEA'], [], [], ['IEA'], [], ['IEA'], [], [], ['HDA', 'IEA'], ['HDA', 'IEA'], ['HDA', 'IEA'], ['HDA', 'IEA'], ['HDA', 'IEA'], ['HDA'], ['IEA'], []]",organelle membrane,GO:0031090,2.459091220259085e-07,"['GO:0016020', 'GO:0043227']",0.3157894736842105,query_1,133,0.01740571902196436,True,GO:CC,2413,1017,5
"""Enables the transfer of a proton from one side of a membrane to the other."" [GOC:ai]",22878,2250,11,"[[], [], [], [], [], [], [], [], [], [], [], [], [], ['IEA'], [], [], [], [], [], [], [], [], [], [], [], [], [], [], [], [], [], [], [], [], [], [], [], [], [], [], [], [], [], [], [], [], [], [], [], [], [], [], [], [], [], [], [], [], [], [], [], [], [], [], [], [], [], [], [], [], [], [], [], ['IEA'], [], [], [], [], [], [], [], [], [], [], [], [], [], [], [], [], [], [], [], [], [], [], [], [], [], [], [], [], [], [], [], [], [], [], [], [], [], [], [], [], [], [], [], [], [], ['IEA'], [], [], [], [], [], [], [], [], [], ['IEA'], ['IEA'], [], ['IEA'], ['IEA'], ['IEA'], [], ['IEA'], [], ['IEA'], [], ['IEA'], [], [], [], [], [], [], [], []]",proton transmembrane transporter activity,GO:0015078,1.112504497886611e-06,"['GO:0008324', 'GO:0022890']",0.08088235294117647,query_1,136,0.07006369426751592,True,GO:MF,157,2250,1
"""The chemical reactions and pathways resulting in the formation of precursor metabolites, substances from which energy is derived, and any process involved in the liberation of energy from these substances."" [GOC:jl]",21925,12104,17,"[[], [], [], [], [], [], [], [], [], [], [], [], [], [], [], [], [], [], [], [], [], [], [], [], [], [], [], [], [], [], [], [], [], [], [], [], [], [], [], [], [], [], [], [], [], [], [], [], ['IEA'], [], [], [], ['IEA'], ['IEA'], [], [], [], [], [], ['TAS', 'IEA'], [], [], [], [], [], [], [], [], ['IEA'], [], [], [], [], [], [], [], [], [], [], [], [], [], [], [], [], [], [], [], [], [], [], [], [], [], [], [], [], [], [], [], [], [], [], [], [], [], [], [], [], [], [], [], [], [], [], [], [], [], [], [], [], [], [], [], [], [], [], [], [], [], [], [], ['IEA'], ['IEA'], ['IEA'], [], ['IEA'], ['IEA'], ['IEA'], [], [], ['TAS', 'IEA'], ['IEA'], ['IEA'], ['IEA'], ['IMP', 'IEA'], [], ['TAS', 'IEA'], []]",generation of precursor metabolites and energy,GO:0006091,2.296618221497355e-06,['GO:0008152'],0.12686567164179105,query_1,134,0.0367965367965368,True,GO:BP,462,1950,9
"""Enables the transfer of an ion from one side of a membrane to the other up the solute's concentration gradient. This is carried out by binding the solute and undergoing a series of conformational changes. Transport works equally well in either direction."" [GOC:mtg_transport, ISBN:0815340729]",22878,3552,9,"[[], [], [], [], [], [], [], [], [], [], [], [], [], [], [], [], [], [], [], [], [], [], [], [], [], [], [], [], [], [], [], [], [], [], [], [], [], [], [], [], [], [], [], [], [], [], [], [], [], [], [], [], [], [], [], [], [], [], [], [], [], [], [], [], [], [], [], [], [], [], [], [], [], [], [], [], [], [], [], [], [], [], [], [], [], [], [], [], [], [], [], [], [], [], [], [], [], [], [], [], [], [], [], [], [], [], [], [], [], [], [], [], [], [], [], [], [], [], [], ['IEA'], [], [], [], [], [], [], [], [], [], ['IEA'], ['IEA'], [], ['IEA'], ['IEA'], ['IEA'], [], ['IEA'], [], ['IEA'], [], ['IEA'], [], [], [], [], [], [], [], []]",active monoatomic ion transmembrane transporter activity,GO:0022853,6.117261189480483e-06,"['GO:0015075', 'GO:0015399']",0.0661764705882353,query_1,136,0.08490566037735849,True,GO:MF,106,3552,1
"""A semiautonomous, self replicating organelle that occurs in varying numbers, shapes, and sizes in the cytoplasm of virtually all eukaryotic cells. It is notably the site of tissue respiration."" [GOC:giardia, ISBN:0198506732]",20029,36495,31,"[['HDA', 'TAS', 'IEA'], [], [], [], [], [], [], [], ['IDA', 'HDA', 'IEA'], [], [], [], [], ['HDA', 'IEA'], [], [], [], ['IDA', 'HDA', 'IEA'], [], ['IDA', 'HDA', 'IEA'], [], [], [], [], [], [], [], [], [], [], [], [], [], [], [], [], [], [], [], [], [], [], ['IEA'], ['HDA'], [], [], [], [], [], [], [], [], [], [], ['HDA'], [], [], [], ['IDA', 'HDA', 'IEA'], ['IDA', 'HDA'], [], [], [], [], [], [], [], [], ['IDA', 'HDA', 'TAS', 'IEA'], [], [], [], [], [], [], [], [], [], [], [], [], [], ['IDA', 'IEA'], [], [], [], [], [], [], [], [], ['HDA'], [], [], [], [], [], [], [], [], [], [], [], [], [], [], [], [], [], [], ['IDA', 'HDA', 'IBA', 'IEA'], ['HDA', 'IEA'], ['HDA', 'IEA'], ['IDA', 'HDA', 'IEA'], [], ['HDA', 'IEA'], ['HDA', 'IEA'], [], [], ['HDA'], [], [], [], [], [], [], [], [], [], ['HDA'], [], ['IEA'], ['IEA'], ['IEA'], ['IEA'], ['IEA'], ['IEA'], ['IEA'], ['IEA'], ['IEA'], [], [], [], [], [], [], [], ['IDA', 'IEA'], []]",mitochondrion,GO:0005739,2.7621977567316133e-05,"['GO:0005737', 'GO:0043231']",0.23308270676691728,query_1,133,0.01802325581395349,True,GO:CC,1720,305,5
"""The inner, i.e. lumen-facing, lipid bilayer of an organelle envelope; usually highly selective to most ions and metabolites."" [GOC:mah]",20029,36990,13,"[['IEA'], [], [], ['TAS'], [], [], [], [], ['IDA', 'IEA'], [], [], [], [], [], [], [], [], ['IEA'], [], ['IEA'], [], [], [], [], [], [], [], [], [], [], [], [], [], [], [], [], [], [], [], [], [], [], [], [], [], [], [], [], [], [], [], [], [], [], [], [], [], [], [], [], [], [], [], [], [], [], [], [], [], [], [], [], [], [], [], [], [], [], [], [], [], [], [], [], [], [], [], [], [], [], [], [], [], [], [], [], [], [], [], [], [], [], [], [], [], [], [], [], [], [], ['IBA', 'IEA'], ['IEA'], ['IEA'], ['IEA'], [], [], [], ['IEA'], [], [], [], [], [], [], [], [], [], [], [], [], [], [], ['IEA'], ['IEA'], [], [], [], [], [], [], [], [], [], [], [], [], [], ['IEA'], []]",organelle inner membrane,GO:0019866,4.2047354435409454e-05,"['GO:0031090', 'GO:0031967']",0.09774436090225563,query_1,133,0.0391566265060241,True,GO:CC,332,800,5
"""The contents of a cell excluding the plasma membrane and nucleus, but including other subcellular structures."" [ISBN:0198547684]",20029,36494,92,"[['HDA', 'TAS', 'IEA'], [], ['HDA', 'IEA'], ['HDA', 'TAS', 'IEA'], ['HDA', 'IEA'], [], [], ['IDA', 'HDA', 'IEA'], ['IDA', 'HDA', 'IEA'], [], [], [], [], ['HDA', 'IEA'], [], ['HDA'], ['HDA'], ['IDA', 'HDA', 'IEA'], [], ['IDA', 'HDA', 'IEA'], [], [], [], [], [], ['HDA'], [], ['HDA'], [], ['IEA'], [], ['HDA'], ['HDA'], [], ['IDA', 'HDA', 'IEA'], ['HDA'], ['HDA'], [], [], [], ['HDA'], ['IDA', 'HDA', 'IEA'], ['IDA', 'IEA'], ['IDA', 'HDA', 'IEA'], ['IDA', 'IEA'], ['HDA', 'IEA'], ['IEA'], ['HDA'], ['IEA'], [], ['IEA'], ['IBA', 'IEA'], ['HDA'], [], ['HDA', 'IEA'], ['IDA', 'IEA'], ['HDA', 'IEA'], [], ['IDA', 'HDA', 'IEA'], ['IDA', 'HDA', 'TAS', 'IEA'], ['IDA', 'HDA', 'IEA'], [], ['NAS', 'IEA'], ['HDA'], ['ISS', 'IEA'], ['IBA'], [], ['HDA'], ['IDA', 'HDA', 'TAS', 'IEA'], ['IDA'], ['IDA', 'IEA'], [], ['IDA', 'HDA', 'IEA'], ['IEA'], [], ['NAS', 'IEA'], [], ['IEA'], [], [], ['IEA'], [], ['IDA', 'HDA', 'IEA'], [], [], ['IDA'], [], [], [], [], [], ['IDA', 'HDA', 'IEA'], [], ['HDA'], [], ['IDA', 'HDA', 'TAS', 'IEA'], [], ['IDA', 'IEA'], [], ['IBA'], [], ['IDA', 'IEA'], [], [], ['IDA', 'IEA'], [], [], [], ['IDA', 'IEA'], ['IDA', 'HDA'], ['IDA', 'HDA', 'IBA', 'IEA'], ['HDA', 'IEA'], ['HDA', 'IEA'], ['IDA', 'HDA', 'IEA'], [], ['HDA', 'IEA'], ['HDA', 'IEA'], ['HDA', 'IEA'], [], ['HDA', 'IEA'], [], ['HDA', 'IEA'], ['IEA'], ['HDA'], ['IDA', 'HDA', 'IEA'], [], [], ['IDA', 'IEA'], [], ['IDA', 'HDA', 'IEA'], ['IDA', 'HDA', 'IEA'], ['IEA'], ['IEA'], ['IEA'], ['IEA'], ['IEA'], ['IEA'], ['IEA'], ['IEA'], ['IEA'], [], ['HDA', 'IEA'], ['HDA', 'IEA'], ['HDA', 'TAS', 'IEA'], ['HDA', 'IEA'], ['HDA', 'IEA'], ['HDA', 'IEA'], ['IDA', 'IEA'], []]",cytoplasm,GO:0005737,4.3159722186175775e-05,"['GO:0005622', 'GO:0110165']",0.6917293233082706,query_1,133,0.009659806803863923,True,GO:CC,9524,304,5
"""Primary active transport of a solute across a membrane, driven by exothermic flow of electrons from a reduced substrate to an oxidized substrate. Primary active transport is catalysis of the transport of a solute across a membrane, up the solute's concentration gradient, by binding the solute and undergoing a series of conformational changes. Transport works equally well in either direction and is driven by a primary energy source."" [GOC:mtg_transport, ISBN:0815340729, TC:3.D.-.-.-]",22878,2505,6,"[[], [], [], [], [], [], [], [], [], [], [], [], [], [], [], [], [], [], [], [], [], [], [], [], [], [], [], [], [], [], [], [], [], [], [], [], [], [], [], [], [], [], [], [], [], [], [], [], [], [], [], [], [], [], [], [], [], [], [], [], [], [], [], [], [], [], [], [], [], [], [], [], [], [], [], [], [], [], [], [], [], [], [], [], [], [], [], [], [], [], [], [], [], [], [], [], [], [], [], [], [], [], [], [], [], [], [], [], [], [], [], [], [], [], [], [], [], [], [], [], [], [], [], [], [], [], [], [], [], [], [], [], ['IEA'], ['IEA'], ['IEA'], [], ['IEA'], [], ['IEA'], [], ['IEA'], [], [], [], [], [], [], [], []]",oxidoreduction-driven active transmembrane transporter activity,GO:0015453,5.487152194053933e-05,['GO:0015399'],0.04411764705882353,query_1,136,0.15,True,GO:MF,40,2505,1
"""The inner, i.e. lumen-facing, lipid bilayer of the mitochondrial envelope. It is highly folded to form cristae."" [GOC:ai]",20029,36499,11,"[['IEA'], [], [], [], [], [], [], [], ['IDA', 'IEA'], [], [], [], [], [], [], [], [], ['IEA'], [], ['IEA'], [], [], [], [], [], [], [], [], [], [], [], [], [], [], [], [], [], [], [], [], [], [], [], [], [], [], [], [], [], [], [], [], [], [], [], [], [], [], [], [], [], [], [], [], [], [], [], [], [], [], [], [], [], [], [], [], [], [], [], [], [], [], [], [], [], [], [], [], [], [], [], [], [], [], [], [], [], [], [], [], [], [], [], [], [], [], [], [], [], [], ['IBA', 'IEA'], ['IEA'], ['IEA'], ['IEA'], [], [], [], [], [], [], [], [], [], [], [], [], [], [], [], [], [], [], ['IEA'], ['IEA'], [], [], [], [], [], [], [], [], [], [], [], [], [], ['IEA'], []]",mitochondrial inner membrane,GO:0005743,5.634062008470108e-05,"['GO:0019866', 'GO:0031966']",0.08270676691729323,query_1,133,0.04721030042918455,True,GO:CC,233,309,5
"""A lipid bilayer along with all the proteins and protein complexes embedded in it and attached to it."" [GOC:dos, GOC:mah, ISBN:0815316194]",20029,36889,81,"[['HDA', 'IEA'], ['ISS', 'IEA'], [], ['TAS', 'IEA'], ['HDA'], [], [], ['IDA', 'IEA'], ['IDA', 'IEA'], ['IEA'], [], [], [], ['IEA'], [], ['IEA'], [], ['IEA'], [], ['IDA', 'IEA'], [], [], [], [], [], [], [], [], [], ['IEA'], ['HDA'], [], [], ['HDA', 'IEA'], ['IEA'], ['IEA'], ['IEA'], ['IDA', 'HDA', 'IEA'], ['HDA', 'IEA'], [], ['IDA', 'IEA'], ['IEA'], ['IDA', 'IEA'], [], [], [], [], [], [], ['IEA'], [], [], ['HDA', 'IEA'], [], ['IEA'], ['IEA'], [], [], ['IDA', 'IEA'], ['HDA'], [], [], [], ['HDA'], ['IEA'], ['IDA', 'IEA'], [], [], ['IEA'], [], ['IDA', 'IEA'], ['IDA', 'IEA'], ['ISS', 'IEA'], ['IEA'], ['IEA'], [], [], [], [], ['IEA'], [], ['IDA', 'ISS', 'IEA'], [], [], [], [], [], [], [], ['IDA', 'IEA'], ['IEA'], ['IEA'], [], ['HDA', 'IEA'], [], ['IEA'], ['IDA', 'IEA'], ['IEA'], [], ['HDA'], [], ['HDA'], [], ['IEA'], [], [], ['IEA'], ['IEA'], ['IEA'], ['IDA', 'HDA', 'IEA'], ['IBA', 'IEA'], ['IEA'], ['IEA'], ['IEA'], [], ['HDA', 'IEA'], ['IEA'], ['HDA', 'IEA'], [], ['HDA', 'IEA'], [], ['IEA'], [], ['ISS', 'IEA'], ['IDA', 'HDA', 'IEA'], [], [], [], ['IEA'], ['HDA', 'IEA'], ['HDA', 'IEA'], ['IEA'], ['IEA'], ['IEA'], ['IEA'], [], ['IEA'], ['IEA'], ['IEA'], [], [], ['HDA', 'IEA'], ['HDA', 'IEA'], ['HDA', 'IEA'], ['HDA', 'IEA'], ['HDA', 'IEA'], ['HDA'], ['IDA', 'IEA'], []]",membrane,GO:0016020,0.0002655662862405371,['GO:0110165'],0.6090225563909775,query_1,133,0.009915534337128168,True,GO:CC,8169,699,5
"""A component of a cell contained within (but not including) the plasma membrane. In eukaryotes it includes the nucleus and cytoplasm."" [ISBN:0198506732]",20029,36422,112,"[['HDA', 'TAS', 'IEA'], [], ['HDA', 'IEA'], ['HDA', 'TAS', 'IEA'], ['HDA', 'IEA'], ['IDA', 'IEA'], ['ISS', 'IEA'], ['IDA', 'HDA', 'IEA'], ['IDA', 'HDA', 'IEA'], [], [], ['IEA'], [], ['HDA', 'IEA'], [], ['HDA'], ['HDA'], ['IDA', 'HDA', 'IEA'], [], ['IDA', 'HDA', 'IEA'], [], [], [], [], [], ['HDA'], [], ['HDA'], ['IEA'], ['IEA'], [], ['HDA'], ['HDA'], [], ['IDA', 'HDA', 'IEA'], ['HDA'], ['HDA'], [], ['HDA'], ['IEA'], ['IDA', 'HDA', 'IEA'], ['IDA', 'HDA', 'IEA'], ['IDA', 'IEA'], ['IDA', 'HDA', 'IEA'], ['IDA', 'IEA'], ['HDA', 'IEA'], ['IDA', 'IEA'], ['HDA'], ['IEA'], [], ['IEA'], ['IBA', 'IEA'], ['HDA'], [], ['HDA', 'IEA'], ['IDA', 'IEA'], ['HDA', 'IEA'], [], ['IDA', 'HDA', 'IEA'], ['IDA', 'HDA', 'TAS', 'IEA'], ['IDA', 'HDA', 'IEA'], [], ['NAS', 'IEA'], ['HDA', 'NAS', 'IEA'], ['ISS', 'IEA'], ['IBA'], ['IBA', 'IEA'], ['IDA', 'HDA', 'IEA'], ['IDA', 'HDA', 'TAS', 'IEA'], ['IDA'], ['IDA', 'IEA'], ['IPI'], ['IDA', 'HDA', 'IEA'], ['IEA'], [], ['IDA', 'NAS', 'IEA'], [], ['IDA', 'IPI', 'HDA', 'IEA'], ['IDA', 'IEA'], ['IDA', 'IEA'], ['IEA'], [], ['IDA', 'HDA', 'IEA'], [], ['IEA'], ['IDA'], [], [], ['IDA', 'IEA'], [], [], ['IDA', 'HDA', 'IEA'], [], ['HDA'], [], ['IDA', 'HDA', 'TAS', 'IEA'], ['IDA', 'IEA'], ['IDA', 'IEA'], ['IDA', 'ISS', 'IEA'], ['HDA', 'IBA', 'IEA'], [], ['IDA', 'IEA'], ['IBA', 'IEA'], ['IEA'], ['IDA', 'IEA'], ['IDA', 'IEA'], [], [], ['IDA', 'IEA'], ['IDA', 'HDA'], ['IDA', 'HDA', 'IBA', 'IEA'], ['HDA', 'IEA'], ['HDA', 'IEA'], ['IDA', 'HDA', 'IEA'], [], ['HDA', 'IEA'], ['HDA', 'IEA'], ['IDA', 'HDA', 'IEA'], ['IDA', 'IEA'], ['HDA', 'IEA'], ['IDA', 'IEA'], ['HDA', 'IEA'], ['IEA'], ['HDA'], ['IDA', 'HDA', 'IEA'], [], ['IEA'], ['IDA', 'IEA'], [], ['IDA', 'HDA', 'IEA'], ['IDA', 'HDA', 'IEA'], ['IEA'], ['IEA'], ['IEA'], ['IEA'], ['IEA'], ['IEA'], ['IEA'], ['IEA'], ['IEA'], [], ['HDA', 'TAS', 'IEA'], ['HDA', 'IEA'], ['HDA', 'TAS', 'IEA'], ['HDA', 'IEA'], ['HDA', 'IEA'], ['HDA', 'IEA'], ['IDA', 'IEA'], []]",intracellular anatomical structure,GO:0005622,0.0010972234025718834,['GO:0110165'],0.8421052631578947,query_1,133,0.008293224731580897,True,GO:CC,13505,232,5
"""Catalysis of an oxidation-reduction (redox) reaction in which a heme group acts as a hydrogen or electron donor and reduces a hydrogen or electron acceptor."" [GOC:ai]",22878,2833,3,"[[], [], [], [], [], [], [], [], [], [], [], [], [], [], [], [], [], [], [], [], [], [], [], [], [], [], [], [], [], [], [], [], [], [], [], [], [], [], [], [], [], [], [], [], [], [], [], [], [], [], [], [], [], [], [], [], [], [], [], [], [], [], [], [], [], [], [], [], [], [], [], [], [], [], [], [], [], [], [], [], [], [], [], [], [], [], [], [], [], [], [], [], [], [], [], [], [], [], [], [], [], [], [], [], [], [], [], [], [], [], [], [], [], [], [], [], [], [], [], [], [], [], [], [], [], [], [], [], [], [], [], [], ['IEA'], ['IEA'], ['IEA'], [], [], [], [], [], [], [], [], [], [], [], [], [], []]","oxidoreductase activity, acting on a heme group of donors",GO:0016675,0.001733412865469952,['GO:0016491'],0.022058823529411766,query_1,136,0.5,True,GO:MF,6,2833,1
"""Catalysis of the reaction: 4 ferrocytochrome c + O2 + 4 H+ = 4 ferricytochrome c + 2 H2O."" [RHEA:11436]",22878,591,3,"[[], [], [], [], [], [], [], [], [], [], [], [], [], [], [], [], [], [], [], [], [], [], [], [], [], [], [], [], [], [], [], [], [], [], [], [], [], [], [], [], [], [], [], [], [], [], [], [], [], [], [], [], [], [], [], [], [], [], [], [], [], [], [], [], [], [], [], [], [], [], [], [], [], [], [], [], [], [], [], [], [], [], [], [], [], [], [], [], [], [], [], [], [], [], [], [], [], [], [], [], [], [], [], [], [], [], [], [], [], [], [], [], [], [], [], [], [], [], [], [], [], [], [], [], [], [], [], [], [], [], [], [], ['IEA'], ['IEA'], ['IEA'], [], [], [], [], [], [], [], [], [], [], [], [], [], []]",cytochrome-c oxidase activity,GO:0004129,0.001733412865469952,"['GO:0009055', 'GO:0015078', 'GO:0015453', 'GO:0016675', 'GO:0022853']",0.022058823529411766,query_1,136,0.5,True,GO:MF,6,591,1
"""The outer, i.e. cytoplasm-facing in a cellular organelle, lipid bilayer of an organelle envelope."" [GOC:mah]",20029,37378,14,"[[], [], [], ['IEA'], [], [], [], [], [], [], [], [], [], [], [], [], [], [], [], [], [], [], [], [], [], [], [], [], [], [], [], [], [], [], [], [], [], [], [], [], [], [], ['IDA'], [], [], [], [], [], [], [], [], [], [], [], [], [], [], [], [], [], [], [], [], [], [], [], [], [], ['IEA'], [], [], [], [], [], [], [], [], [], [], [], [], [], [], [], [], [], [], [], [], [], [], [], [], [], [], [], [], [], [], [], [], [], [], [], [], [], [], [], [], [], [], [], [], [], [], ['IEA'], ['IEA'], ['HDA'], [], [], [], [], [], [], [], [], [], [], [], ['HDA', 'IEA'], ['HDA', 'IEA'], [], [], [], [], [], [], [], [], [], [], ['HDA', 'IEA'], ['HDA', 'IEA'], ['HDA', 'IEA'], ['HDA', 'IEA'], ['HDA', 'IEA'], ['HDA'], [], []]",organelle outer membrane,GO:0031968,0.002065515164279166,"['GO:0019867', 'GO:0031967', 'GO:0098588']",0.10526315789473684,query_1,133,0.02564102564102564,True,GO:CC,546,1188,5
"""The external membrane of Gram-negative bacteria or certain organelles such as mitochondria and chloroplasts; freely permeable to most ions and metabolites."" [GOC:go_curators]",20029,36991,14,"[[], [], [], ['IEA'], [], [], [], [], [], [], [], [], [], [], [], [], [], [], [], [], [], [], [], [], [], [], [], [], [], [], [], [], [], [], [], [], [], [], [], [], [], [], ['IDA'], [], [], [], [], [], [], [], [], [], [], [], [], [], [], [], [], [], [], [], [], [], [], [], [], [], ['IEA'], [], [], [], [], [], [], [], [], [], [], [], [], [], [], [], [], [], [], [], [], [], [], [], [], [], [], [], [], [], [], [], [], [], [], [], [], [], [], [], [], [], [], [], [], [], [], ['IEA'], ['IEA'], ['HDA'], [], [], [], [], [], [], [], [], [], [], [], ['HDA', 'IEA'], ['HDA', 'IEA'], [], [], [], [], [], [], [], [], [], [], ['HDA', 'IEA'], ['HDA', 'IEA'], ['HDA', 'IEA'], ['HDA', 'IEA'], ['HDA', 'IEA'], ['HDA'], [], []]",outer membrane,GO:0019867,0.002065515164279166,['GO:0016020'],0.10526315789473684,query_1,133,0.02564102564102564,True,GO:CC,546,801,5
"""The chemical reactions and pathways involving the phosphate group, the anion or salt of any phosphoric acid."" [GOC:ai]",21925,12628,30,"[[], [], [], [], [], [], [], [], [], ['IEA'], ['IEA'], [], [], ['IEA'], [], ['IEA'], [], [], [], [], [], [], [], [], [], [], [], ['IEA'], [], [], [], [], [], ['IEA'], [], [], [], ['IEA'], ['IEA'], [], [], [], [], [], ['IEA'], [], [], [], [], ['TAS', 'IEA'], [], [], [], [], [], ['IEA'], ['IEA'], [], [], ['TAS', 'IEA'], ['IEA'], [], [], [], [], ['IDA', 'IEA'], [], [], ['IEA'], ['IMP', 'IEA'], [], [], [], [], ['IEA'], [], [], [], [], [], [], [], [], ['IEA'], [], ['IDA'], [], [], [], ['IDA', 'IEA'], ['IEA'], [], [], [], [], [], [], [], [], [], [], [], [], [], ['IEA'], [], [], [], [], [], [], [], [], [], [], [], [], [], [], ['IEA'], [], ['IEA'], ['IEA'], ['IEA'], [], ['TAS', 'IEA'], [], [], [], ['IEA'], ['IEA'], [], [], [], [], [], [], [], [], [], [], [], [], [], [], [], [], [], []]",phosphate-containing compound metabolic process,GO:0006796,0.002568726942279601,['GO:0006793'],0.22388059701492538,query_1,134,0.014814814814814815,True,GO:BP,2025,2474,12
"""The chemical reactions and pathways involving the nonmetallic element phosphorus or compounds that contain phosphorus."" [GOC:ai]",21925,12625,30,"[[], [], [], [], [], [], [], [], [], ['IEA'], ['IEA'], [], [], ['IEA'], [], ['IEA'], [], [], [], [], [], [], [], [], [], [], [], ['IEA'], [], [], [], [], [], ['IEA'], [], [], [], ['IEA'], ['IEA'], [], [], [], [], [], ['IEA'], [], [], [], [], ['TAS', 'IEA'], [], [], [], [], [], ['IEA'], ['IEA'], [], [], ['TAS', 'IEA'], ['IEA'], [], [], [], [], ['IDA', 'IEA'], [], [], ['IEA'], ['IMP', 'IEA'], [], [], [], [], ['IEA'], [], [], [], [], [], [], [], [], ['IEA'], [], ['IDA'], [], [], [], ['IDA', 'IEA'], ['IEA'], [], [], [], [], [], [], [], [], [], [], [], [], [], ['IEA'], [], [], [], [], [], [], [], [], [], [], [], [], [], [], ['IEA'], [], ['IEA'], ['IEA'], ['IEA'], [], ['TAS', 'IEA'], [], [], [], ['IEA'], ['IEA'], [], [], [], [], [], [], [], [], [], [], [], [], [], [], [], [], [], []]",phosphorus metabolic process,GO:0006793,0.0026464574933560657,['GO:0008152'],0.22388059701492538,query_1,134,0.014792899408284023,True,GO:BP,2028,2471,12
"""Catalysis of the reactions: ATP + protein serine = ADP + protein serine phosphate."" [RHEA:17989]",22878,9081,15,"[[], [], [], [], [], [], [], [], [], ['IEA'], ['IEA'], [], [], [], [], ['IEA'], [], [], [], [], [], [], [], [], [], [], [], [], [], [], [], [], [], [], [], [], [], ['IEA'], ['IEA'], [], [], [], [], [], ['IEA'], [], [], [], [], ['IEA'], [], [], [], [], [], [], [], [], [], [], [], [], [], [], [], ['IEA'], [], [], [], [], [], [], [], [], [], [], [], [], [], [], [], [], [], ['IEA'], [], [], [], [], [], ['IEA'], ['IEA'], [], [], [], [], [], [], [], [], [], [], [], [], [], ['IEA'], [], [], [], [], [], [], [], [], [], [], [], [], [], [], [], [], [], ['IEA'], ['IEA'], [], ['IEA'], [], [], [], [], [], [], [], [], [], [], [], [], [], [], [], [], [], [], [], [], [], [], []]",protein serine kinase activity,GO:0106310,0.0026717680852519662,['GO:0004672'],0.11029411764705882,query_1,136,0.023510971786833857,True,GO:MF,638,9081,2
"""The directed movement of substances (such as macromolecules, small molecules, ions) or cellular components (such as complexes and organelles) into, out of or within a cell, or between cells, or within a multicellular organism by means of some agent such as a transporter or a transporter complex, a pore or a motor protein."" [GOC:dos, GOC:dph, GOC:jl, GOC:mah]",21925,12636,34,"[['IDA', 'IEA'], ['ISS', 'IEA'], [], [], [], [], [], ['IMP'], [], [], [], [], [], ['IEA'], [], [], [], [], [], [], [], [], [], [], [], [], [], [], [], ['IEA'], [], [], [], [], ['IDA'], [], ['IDA'], [], [], [], [], ['IEA'], [], [], [], [], [], [], [], ['TAS'], [], [], [], [], ['IEA'], [], [], [], [], [], [], [], [], [], ['IMP'], [], [], [], ['IMP'], [], [], [], [], ['IEA'], [], [], [], ['IEA'], [], [], [], [], [], [], [], [], [], [], [], [], [], ['IEA'], [], ['IDA', 'TAS', 'IEA'], [], ['IMP'], [], [], [], [], [], ['IEA'], [], [], [], [], [], [], ['TAS', 'IEA'], [], ['IBA', 'IEA'], ['IEA'], ['IEA'], ['IEA'], [], ['IEA'], ['IEA'], ['IEA'], [], ['IEA'], [], [], ['IMP'], [], ['IMP', 'IEA'], [], [], [], [], ['IEA'], ['IEA'], [], ['IEA'], ['IEA'], ['IEA'], [], [], [], [], [], [], [], [], [], [], [], [], [], []]",transport,GO:0006810,0.0026879690945101646,['GO:0051234'],0.2537313432835821,query_1,134,0.013726281792490917,True,GO:BP,2477,2482,10
"""Any process that is carried out at the cellular level, but not necessarily restricted to a single cell. For example, cell communication occurs among more than one cell, but occurs at the cellular level."" [GOC:go_curators, GOC:isa_complete]",21925,13950,122,"[['IEA'], ['IEA'], ['IDA', 'IEA'], ['IMP', 'IEA'], ['IMP', 'HEP'], ['IDA', 'IEA'], ['IEA'], ['IMP'], [], ['IEA'], ['IEA'], [], ['IEA'], ['IEA'], [], ['IEA'], [], [], [], ['TAS'], [], ['IEA'], [], [], [], ['IEA'], [], ['IEA'], ['IEA'], ['IEA'], [], ['IEA'], ['IMP'], ['IEA'], ['IDA'], ['IEA'], ['IMP', 'IEA'], ['IDA', 'IEA'], ['IMP', 'IEA'], ['IEA'], [], ['IEA'], [], [], ['IEA'], ['IDA', 'IEA'], ['IEA'], ['IMP', 'IEA'], ['IEA'], ['TAS', 'IEA'], ['IEA'], ['IBA', 'IEA'], ['IEA'], ['IEA'], ['IEA'], ['TAS', 'IEA'], ['IMP', 'TAS', 'IEA'], ['IEA'], ['IDA', 'IMP', 'TAS'], ['IMP', 'TAS', 'IEA'], ['IMP', 'TAS', 'IEA'], [], ['TAS', 'IEA'], [], ['IMP', 'IEA'], ['IDA', 'IMP', 'IBA', 'IEA'], ['IBA'], ['IGI'], ['IDA', 'IMP', 'TAS', 'IEA'], ['IMP', 'IEA'], ['IMP'], [], ['IDA', 'IMP', 'IGI', 'IEA'], ['IEA'], ['IEA'], ['EXP', 'IMP', 'NAS', 'IEA'], ['IEA'], ['IEP', 'IEA'], ['IEA'], ['IDA', 'IMP', 'IEA'], ['IEA'], ['IMP', 'IEA'], ['IMP', 'IEA'], ['IEA'], [], ['IDA'], ['IEA'], [], [], ['IDA', 'IMP', 'IEA'], ['HEP', 'IEA'], ['IMP', 'TAS', 'IEA'], [], ['IDA', 'TAS', 'IEA'], ['IMP', 'IGI', 'IEA'], ['IMP'], ['IGI', 'IEA'], ['HEP', 'IEA'], ['IGI', 'ISS', 'NAS', 'IEA'], ['IBA', 'IEA'], ['IEA'], ['IMP', 'IEA'], ['IBA', 'IEA'], ['IMP', 'NAS', 'IEA'], ['IGI', 'IEA'], ['IDA', 'IEA'], [], [], ['IEA'], ['IDA'], ['IMP', 'IBA', 'IEA'], ['IEA'], ['IEA'], ['IMP', 'IEA'], [], ['IEA'], ['IEA'], ['IEA'], ['IPI', 'IMP', 'TAS', 'IEA'], ['IMP', 'IEA'], ['IMP', 'IEP', 'IEA'], ['IMP', 'IEA'], ['IEA'], ['IPI', 'IEA'], ['IMP', 'IEA'], ['TAS', 'IEA'], ['IEA'], ['IMP', 'IEA'], ['IEA'], ['IEA'], ['IEA'], ['IEA'], ['IEA'], ['IEA'], ['IEA'], ['IEA'], ['IEA'], ['IEA'], ['IEA'], [], [], ['TAS', 'IEA'], ['IEA'], ['TAS', 'IEA'], ['IEA'], ['IMP', 'IEA'], ['IEA'], ['TAS', 'IEA'], ['IEA']]",cellular process,GO:0009987,0.002711533657296357,['GO:0008150'],0.9104477611940298,query_1,134,0.007353384365017178,True,GO:BP,16591,3796,13
"""The phosphorylation of ADP to ATP that accompanies the oxidation of a metabolite through the operation of the respiratory chain. Oxidation of compounds establishes a proton gradient across the membrane, providing the energy for ATP synthesis."" [ISBN:0198506732, ISBN:0471331309]",21925,12126,5,"[[], [], [], [], [], [], [], [], [], [], [], [], [], [], [], [], [], [], [], [], [], [], [], [], [], [], [], [], [], [], [], [], [], [], [], [], [], [], [], [], [], [], [], [], [], [], [], [], [], [], [], [], [], [], [], [], [], [], [], [], [], [], [], [], [], [], [], [], [], [], [], [], [], [], [], [], [], [], [], [], [], [], [], [], [], [], [], [], [], [], [], [], [], [], [], [], [], [], [], [], [], [], [], [], [], [], [], [], [], [], [], [], [], [], [], [], [], [], [], [], [], [], [], [], [], [], [], [], [], [], [], [], ['IEA'], [], ['IEA'], [], ['IEA'], ['IEA'], [], [], [], [], [], [], [], [], [], ['IEA'], []]",oxidative phosphorylation,GO:0006119,0.0028842698603880235,['GO:0009060'],0.03731343283582089,query_1,134,0.125,True,GO:BP,40,1972,14
"""The directed movement of a proton across a membrane."" [GO_REF:0000069, GOC:pr, GOC:TermGenie]",21925,32224,8,"[[], [], [], [], [], [], [], [], [], [], [], [], [], ['IEA'], [], [], [], [], [], [], [], [], [], [], [], [], [], [], [], [], [], [], [], [], [], [], [], [], [], [], [], [], [], [], [], [], [], [], [], [], [], [], [], [], [], [], [], [], [], [], [], [], [], [], [], [], [], [], [], [], [], [], [], ['IEA'], [], [], [], [], [], [], [], [], [], [], [], [], [], [], [], [], [], [], [], [], [], [], [], [], [], [], [], [], [], [], [], [], [], [], [], [], [], [], [], [], [], [], [], [], [], ['IEA'], [], [], [], [], [], [], [], [], [], ['IEA'], ['IEA'], [], ['IEA'], ['IEA'], ['IEA'], [], [], [], [], [], [], [], [], [], [], [], [], [], []]",proton transmembrane transport,GO:1902600,0.0033610844052729787,"['GO:0098655', 'GO:0098662']",0.05970149253731343,query_1,134,0.05161290322580645,True,GO:BP,155,22070,15
"""Enables the transfer of inorganic cations from one side of a membrane to the other. Inorganic cations are atoms or small molecules with a positive charge that do not contain carbon in covalent linkage."" [GOC:ai, GOC:mtg_transport, ISBN:0815340729]",22878,3575,11,"[[], [], [], [], [], [], [], [], [], [], [], [], [], ['IEA'], [], [], [], [], [], [], [], [], [], [], [], [], [], [], [], [], [], [], [], [], [], [], [], [], [], [], [], [], [], [], [], [], [], [], [], [], [], [], [], [], [], [], [], [], [], [], [], [], [], [], [], [], [], [], [], [], [], [], [], ['IEA'], [], [], [], [], [], [], [], [], [], [], [], [], [], [], [], [], [], [], [], [], [], [], [], [], [], [], [], [], [], [], [], [], [], [], [], [], [], [], [], [], [], [], [], [], [], ['IEA'], [], [], [], [], [], [], [], [], [], ['IEA'], ['IEA'], [], ['IEA'], ['IEA'], ['IEA'], [], ['IEA'], [], ['IEA'], [], ['IEA'], [], [], [], [], [], [], [], []]",inorganic cation transmembrane transporter activity,GO:0022890,0.003388362283996307,['GO:0015318'],0.08088235294117647,query_1,136,0.03151862464183381,True,GO:MF,349,3575,1
"""The region between the inner and outer lipid bilayers of the mitochondrial envelope."" [GOC:mah]",20029,36503,4,"[[], [], [], [], [], [], [], [], [], [], [], [], [], [], [], [], [], [], [], [], [], [], [], [], [], [], [], [], [], [], [], [], [], [], [], [], [], [], [], [], [], [], [], [], [], [], [], [], [], [], [], [], [], [], [], [], [], [], [], [], [], [], [], [], [], [], [], [], [], [], [], [], [], [], [], [], [], [], [], [], [], [], [], [], [], [], [], [], [], [], [], [], [], [], [], [], [], [], [], [], [], [], [], [], [], [], [], [], [], [], ['HDA', 'IEA'], ['HDA', 'IEA'], ['HDA', 'IEA'], ['HDA', 'IEA'], [], [], [], [], [], [], [], [], [], [], [], [], [], [], [], [], [], [], [], [], [], [], [], [], [], [], [], [], [], [], [], [], [], [], []]",mitochondrial intermembrane space,GO:0005758,0.0036028305234319406,"['GO:0005740', 'GO:0031970']",0.03007518796992481,query_1,133,0.14814814814814814,True,GO:CC,27,313,5
"""Any protein complex that is part of a membrane."" [GOC:dos]",20029,39378,12,"[[], [], [], [], [], [], [], [], ['IDA', 'IEA'], [], [], [], [], ['IEA'], [], [], [], [], [], ['IDA'], [], [], [], [], [], [], [], [], [], [], [], [], [], [], [], [], [], [], [], [], [], [], [], [], [], [], [], [], [], [], [], [], [], [], [], [], [], [], ['IDA'], [], [], [], [], [], [], [], [], [], [], [], [], [], [], [], [], [], [], [], [], [], [], [], [], [], [], [], [], [], [], [], [], [], [], [], [], [], [], [], [], [], [], [], [], [], [], [], [], [], [], [], [], [], [], [], [], ['IEA'], ['IEA'], [], [], ['IEA'], [], [], [], [], [], [], [], [], [], [], [], [], ['IEA'], [], [], [], [], [], [], [], [], [], [], ['IEA'], ['IEA'], ['IEA'], [], ['IDA'], []]",membrane protein complex,GO:0098796,0.0036069199075960145,"['GO:0016020', 'GO:0032991']",0.09022556390977443,query_1,133,0.028037383177570093,True,GO:CC,428,3188,5
"""Any process that localizes a substance or cellular component. This may occur via movement, tethering or selective degradation."" [GOC:ai, GOC:dos]",21925,23557,34,"[['IDA', 'IEA'], ['ISS', 'IEA'], [], [], [], [], [], ['IMP'], [], [], [], [], [], ['IEA'], [], [], [], [], [], [], [], [], [], [], [], [], [], [], [], ['IEA'], [], [], [], [], ['IDA'], [], ['IDA'], [], [], [], [], ['IEA'], [], [], [], [], [], [], [], ['TAS'], [], [], [], [], ['IEA'], [], [], [], [], [], [], [], [], [], ['IMP'], [], [], [], ['IMP'], [], [], [], [], ['IEA'], [], [], [], ['IEA'], [], [], [], [], [], [], [], [], [], [], [], [], [], ['TAS', 'IEA'], [], ['IDA', 'TAS', 'IEA'], [], ['IMP'], [], [], [], [], [], ['IEA'], [], [], [], [], [], [], ['TAS', 'IEA'], [], ['IBA', 'IEA'], ['IEA'], ['IEA'], ['IEA'], [], ['IEA'], ['IEA'], ['IEA'], [], ['IEA'], [], [], ['IMP'], [], ['IMP', 'IEA'], [], [], [], [], ['IEA'], ['IEA'], [], ['IEA'], ['IEA'], ['IEA'], [], [], [], [], [], [], [], [], [], [], [], [], [], []]",establishment of localization,GO:0051234,0.00450165140973197,['GO:0051179'],0.2537313432835821,query_1,134,0.013406940063091483,True,GO:BP,2536,13403,10
Flower development initiation,625,40787,3,"[[], [], [], [], [], ['WP'], ['WP'], [], [], [], [], [], [], [], [], [], [], [], [], [], [], [], [], [], [], [], [], [], [], [], [], [], [], [], [], [], [], [], [], [], [], [], [], [], [], [], [], [], [], [], [], [], [], [], [], [], [], [], [], [], [], [], [], [], [], [], [], [], [], [], [], [], [], [], [], [], [], [], [], [], [], [], [], [], [], [], [], [], [], [], [], [], [], [], [], [], [], [], [], [], [], [], [], [], [], ['WP'], [], [], [], [], [], [], [], [], [], [], [], [], [], [], [], [], [], [], [], [], [], [], [], [], [], [], [], [], [], [], [], [], [], [], [], [], [], [], [], [], [], [], []]",Flower development initiation,WP:WP2108,0.004946205474173394,['WP:000000'],0.375,query_1,8,0.17647058823529413,True,WP,17,4,16
"""Enables the transfer of cation from one side of a membrane to the other."" [GOC:dgf, GOC:mtg_transport, ISBN:0815340729]",22878,1627,11,"[[], [], [], [], [], [], [], [], [], [], [], [], [], ['IEA'], [], [], [], [], [], [], [], [], [], [], [], [], [], [], [], [], [], [], [], [], [], [], [], [], [], [], [], [], [], [], [], [], [], [], [], [], [], [], [], [], [], [], [], [], [], [], [], [], [], [], [], [], [], [], [], [], [], [], [], ['IEA'], [], [], [], [], [], [], [], [], [], [], [], [], [], [], [], [], [], [], [], [], [], [], [], [], [], [], [], [], [], [], [], [], [], [], [], [], [], [], [], [], [], [], [], [], [], ['IEA'], [], [], [], [], [], [], [], [], [], ['IEA'], ['IEA'], [], ['IEA'], ['IEA'], ['IEA'], [], ['IEA'], [], ['IEA'], [], ['IEA'], [], [], [], [], [], [], [], []]",monoatomic cation transmembrane transporter activity,GO:0008324,0.006307322354324667,['GO:0015075'],0.08088235294117647,query_1,136,0.029490616621983913,True,GO:MF,373,1627,1
"""Enables the transfer of a solute from one side of a membrane to the other, up the solute's concentration gradient, by binding the solute and undergoing a series of conformational changes. Transport works equally well in either direction and is powered by a primary energy source. Primary energy sources known to be coupled to transport are chemical such as ATP hydrolysis, redox energy and photon energy."" [GOC:mtg_transport, PMID:31613498]",22878,2467,9,"[[], [], [], [], [], [], [], [], [], [], [], [], [], [], [], [], [], [], [], [], [], [], [], [], [], [], [], [], [], [], [], [], [], [], [], [], [], [], [], [], [], [], [], [], [], [], [], [], [], [], [], [], [], [], [], [], [], [], [], [], [], [], [], [], [], [], [], [], [], [], [], [], [], [], [], [], [], [], [], [], [], [], [], [], [], [], [], [], [], [], [], [], [], [], [], [], [], [], [], [], [], [], [], [], [], [], [], [], [], [], [], [], [], [], [], [], [], [], [], ['IEA'], [], [], [], [], [], [], [], [], [], ['IEA'], ['IEA'], [], ['IEA'], ['IEA'], ['IEA'], [], ['IEA'], [], ['IEA'], [], ['IEA'], [], [], [], [], [], [], [], []]",primary active transmembrane transporter activity,GO:0015399,0.006582530948751322,['GO:0022804'],0.0661764705882353,query_1,136,0.037037037037037035,True,GO:MF,243,2467,1
"""A process in which a series of electron carriers operate together to transfer electrons from donors such as NADH and FADH2 to any of several different terminal electron acceptors to generate a transmembrane electrochemical gradient."" [GOC:mtg_electron_transport, ISBN:0716720094]",21925,16752,5,"[[], [], [], [], [], [], [], [], [], [], [], [], [], [], [], [], [], [], [], [], [], [], [], [], [], [], [], [], [], [], [], [], [], [], [], [], [], [], [], [], [], [], [], [], [], [], [], [], [], [], [], [], [], [], [], [], [], [], [], [], [], [], [], [], [], [], [], [], [], [], [], [], [], [], [], [], [], [], [], [], [], [], [], [], [], [], [], [], [], [], [], [], [], [], [], [], [], [], [], [], [], [], [], [], [], [], [], [], [], [], [], [], [], [], [], [], [], [], [], [], [], [], [], [], [], [], [], [], [], [], [], [], [], [], ['IEA'], [], ['IEA'], ['IEA'], [], [], [], [], ['IEA'], [], [], [], [], ['IEA'], []]",respiratory electron transport chain,GO:0022904,0.007217285472448082,"['GO:0022900', 'GO:0045333']",0.03731343283582089,query_1,134,0.10416666666666667,True,GO:BP,48,6598,9
"""The region between the inner and outer lipid bilayers of an organelle envelope."" [GOC:mah]",20029,37380,4,"[[], [], [], [], [], [], [], [], [], [], [], [], [], [], [], [], [], [], [], [], [], [], [], [], [], [], [], [], [], [], [], [], [], [], [], [], [], [], [], [], [], [], [], [], [], [], [], [], [], [], [], [], [], [], [], [], [], [], [], [], [], [], [], [], [], [], [], [], [], [], [], [], [], [], [], [], [], [], [], [], [], [], [], [], [], [], [], [], [], [], [], [], [], [], [], [], [], [], [], [], [], [], [], [], [], [], [], [], [], [], ['HDA', 'IEA'], ['HDA', 'IEA'], ['HDA', 'IEA'], ['HDA', 'IEA'], [], [], [], [], [], [], [], [], [], [], [], [], [], [], [], [], [], [], [], [], [], [], [], [], [], [], [], [], [], [], [], [], [], [], []]",organelle envelope lumen,GO:0031970,0.00918385840399594,"['GO:0031967', 'GO:0070013']",0.03007518796992481,query_1,133,0.11764705882352941,True,GO:CC,34,1190,5
"""Any process in which a cell, a substance, or a cellular entity, such as a protein complex or organelle, is transported, tethered to or otherwise maintained in a specific location. In the case of substances, localization may also be achieved via selective degradation."" [GOC:ai, GOC:dos]",21925,23532,34,"[['IDA', 'IEA'], ['ISS', 'IEA'], [], [], [], [], [], ['IMP'], [], [], [], [], [], ['IEA'], [], [], [], [], [], [], [], [], [], [], [], [], [], [], [], ['IEA'], [], [], [], [], ['IDA'], [], ['IDA'], [], [], [], [], ['IEA'], [], [], [], [], [], [], [], ['TAS'], [], [], [], [], ['IEA'], [], [], [], [], [], [], [], [], [], ['IMP'], [], [], [], ['IMP'], [], [], [], [], ['IEA'], [], [], [], ['IEA'], [], [], [], [], [], [], [], [], [], [], [], [], [], ['TAS', 'IEA'], [], ['IDA', 'TAS', 'IEA'], [], ['IMP', 'IEA'], [], [], [], [], [], ['IEA'], [], [], [], [], [], [], ['TAS', 'IEA'], [], ['IBA', 'IEA'], ['IEA'], ['IEA'], ['IEA'], [], ['IEA'], ['IEA'], ['IEA'], [], ['IEA'], [], [], ['IMP'], [], ['IMP', 'IEA'], [], [], [], [], ['IEA'], ['IEA'], [], ['IEA'], ['IEA'], ['IEA'], [], [], [], [], [], [], [], [], [], [], [], [], [], []]",localization,GO:0051179,0.010327350999555859,['GO:0008150'],0.2537313432835821,query_1,134,0.012898330804248861,True,GO:BP,2636,13378,10
"""The lipid bilayer that forms the outer-most layer of an organelle."" [GOC:dos]",20029,39337,22,"[[], [], [], ['IEA'], [], [], [], ['IEA'], [], [], [], [], [], [], [], [], [], [], [], [], [], [], [], [], [], [], [], [], [], [], [], [], [], [], [], [], [], [], [], [], [], ['IEA'], ['IDA'], [], [], [], [], [], [], [], [], [], [], [], ['IEA'], [], [], [], [], [], [], [], [], [], [], [], [], [], ['IEA'], [], [], [], [], ['IEA'], [], [], [], [], [], [], [], [], [], [], [], [], [], [], [], [], [], ['IEA'], [], [], [], [], [], [], [], [], [], [], [], [], [], [], [], [], ['IEA'], [], [], [], [], [], [], ['IEA'], ['IEA'], ['HDA'], [], ['HDA', 'IEA'], [], [], [], [], ['IDA', 'IEA'], [], [], [], [], ['HDA', 'IEA'], ['HDA', 'IEA'], [], [], [], [], [], [], [], [], [], [], ['HDA', 'IEA'], ['HDA', 'IEA'], ['HDA', 'IEA'], ['HDA', 'IEA'], ['HDA', 'IEA'], ['HDA'], [], []]",bounding membrane of organelle,GO:0098588,0.01758400515178917,['GO:0031090'],0.16541353383458646,query_1,133,0.015647226173541962,True,GO:CC,1406,3147,5
"""Enables the transfer of an ion from one side of a membrane to the other."" [GOC:dgf, GOC:mtg_transport, ISBN:0815340729]",22878,2249,11,"[[], [], [], [], [], [], [], [], [], [], [], [], [], ['IEA'], [], [], [], [], [], [], [], [], [], [], [], [], [], [], [], [], [], [], [], [], [], [], [], [], [], [], [], [], [], [], [], [], [], [], [], [], [], [], [], [], [], [], [], [], [], [], [], [], [], [], [], [], [], [], [], [], [], [], [], ['IEA'], [], [], [], [], [], [], [], [], [], [], [], [], [], [], [], [], [], [], [], [], [], [], [], [], [], [], [], [], [], [], [], [], [], [], [], [], [], [], [], [], [], [], [], [], [], ['IEA'], [], [], [], [], [], [], [], [], [], ['IEA'], ['IEA'], [], ['IEA'], ['IEA'], ['IEA'], [], ['IEA'], [], ['IEA'], [], ['IEA'], [], [], [], [], [], [], [], []]",monoatomic ion transmembrane transporter activity,GO:0015075,0.021236507820689237,['GO:0022857'],0.08088235294117647,query_1,136,0.025821596244131457,True,GO:MF,426,2249,1
"""Any protein complex that is part of a respiratory chain."" [GOC:dos]",20029,39384,4,"[[], [], [], [], [], [], [], [], [], [], [], [], [], [], [], [], [], [], [], ['IDA'], [], [], [], [], [], [], [], [], [], [], [], [], [], [], [], [], [], [], [], [], [], [], [], [], [], [], [], [], [], [], [], [], [], [], [], [], [], [], ['IDA'], [], [], [], [], [], [], [], [], [], [], [], [], [], [], [], [], [], [], [], [], [], [], [], [], [], [], [], [], [], [], [], [], [], [], [], [], [], [], [], [], [], [], [], [], [], [], [], [], [], [], [], [], [], [], [], [], [], [], [], [], [], [], [], [], [], [], [], [], [], [], [], [], [], ['IEA'], [], [], [], [], [], [], [], [], [], [], [], [], [], [], ['IDA'], []]",respiratory chain complex,GO:0098803,0.021273291169094485,['GO:0032991'],0.03007518796992481,query_1,133,0.09523809523809523,True,GO:CC,42,3194,7
"""A membranous cellular structure that bears the photosynthetic pigments in plants, algae, and cyanobacteria. In cyanobacteria thylakoids are of various shapes and are attached to, or continuous with, the plasma membrane. In eukaryotes they are flattened, membrane-bounded disk-like structures located in the chloroplasts; in the chloroplasts of higher plants the thylakoids form dense stacks called grana. Isolated thylakoid preparations can carry out photosynthetic electron transport and the associated phosphorylation."" [GOC:ds, GOC:mtg_sensu, ISBN:0198506732]",20029,36811,13,"[[], [], [], ['HDA', 'IEA'], [], [], [], [], [], [], [], [], [], [], [], [], [], [], [], [], [], [], [], [], [], [], [], [], [], [], [], [], [], [], ['HDA'], [], [], [], [], [], [], [], [], [], [], [], [], [], ['IEA'], [], [], [], [], [], [], [], [], [], [], [], [], [], [], ['HDA'], [], [], [], [], [], [], [], [], [], [], [], [], [], [], [], [], [], [], [], [], [], [], [], [], [], [], [], [], [], [], [], [], [], [], [], [], [], [], [], [], [], [], [], [], [], [], [], [], [], [], [], [], [], ['IDA', 'HDA'], [], [], [], [], [], [], [], [], [], [], [], ['HDA', 'IEA'], ['HDA', 'IEA'], [], [], [], [], [], [], [], [], [], [], ['HDA', 'TAS', 'IEA'], ['HDA', 'IEA'], ['HDA', 'IEA'], ['HDA', 'IEA'], ['HDA', 'IEA'], ['HDA'], [], []]",thylakoid,GO:0009579,0.02136860596881369,['GO:0043232'],0.09774436090225563,query_1,133,0.02181208053691275,True,GO:CC,596,621,6
"""Sac-like membranous structures (cisternae) in a chloroplast combined into stacks (grana) and present singly in the stroma (stroma thylakoids or frets) as interconnections between grana. An example of this component is found in Arabidopsis thaliana."" [GOC:mtg_sensu, ISBN:0943088399]",20029,36785,12,"[[], [], [], ['HDA', 'IEA'], [], [], [], [], [], [], [], [], [], [], [], [], [], [], [], [], [], [], [], [], [], [], [], [], [], [], [], [], [], [], ['HDA'], [], [], [], [], [], [], [], [], [], [], [], [], [], ['IEA'], [], [], [], [], [], [], [], [], [], [], [], [], [], [], [], [], [], [], [], [], [], [], [], [], [], [], [], [], [], [], [], [], [], [], [], [], [], [], [], [], [], [], [], [], [], [], [], [], [], [], [], [], [], [], [], [], [], [], [], [], [], [], [], [], [], [], [], [], ['HDA'], [], [], [], [], [], [], [], [], [], [], [], ['HDA', 'IEA'], ['HDA', 'IEA'], [], [], [], [], [], [], [], [], [], [], ['HDA', 'IEA'], ['HDA', 'IEA'], ['HDA', 'IEA'], ['HDA', 'IEA'], ['HDA', 'IEA'], ['HDA'], [], []]",chloroplast thylakoid,GO:0009534,0.021707239424657392,"['GO:0009507', 'GO:0031976']",0.09022556390977443,query_1,133,0.02321083172147002,True,GO:CC,517,595,6
"""Any thylakoid within a plastid."" [GOC:pz]",20029,37384,12,"[[], [], [], ['HDA', 'IEA'], [], [], [], [], [], [], [], [], [], [], [], [], [], [], [], [], [], [], [], [], [], [], [], [], [], [], [], [], [], [], ['HDA'], [], [], [], [], [], [], [], [], [], [], [], [], [], ['IEA'], [], [], [], [], [], [], [], [], [], [], [], [], [], [], [], [], [], [], [], [], [], [], [], [], [], [], [], [], [], [], [], [], [], [], [], [], [], [], [], [], [], [], [], [], [], [], [], [], [], [], [], [], [], [], [], [], [], [], [], [], [], [], [], [], [], [], [], [], ['HDA'], [], [], [], [], [], [], [], [], [], [], [], ['HDA', 'IEA'], ['HDA', 'IEA'], [], [], [], [], [], [], [], [], [], [], ['HDA', 'IEA'], ['HDA', 'IEA'], ['HDA', 'IEA'], ['HDA', 'IEA'], ['HDA', 'IEA'], ['HDA'], [], []]",plastid thylakoid,GO:0031976,0.02249427421171242,"['GO:0009536', 'GO:0009579']",0.09022556390977443,query_1,133,0.023121387283236993,True,GO:CC,519,1194,6
"""A discrete extra-nucleolar subnuclear domain, 20-50 in number, in which splicing factors are seen to be localized by immunofluorescence microscopy."" [PMID:28977640]",20029,36937,5,"[[], [], [], [], [], [], [], [], [], [], [], [], [], [], [], [], [], [], [], [], [], [], [], [], [], [], [], [], [], [], [], [], [], [], [], [], [], [], [], [], [], [], [], [], [], [], [], [], [], [], [], [], [], [], [], [], [], [], [], [], [], [], [], [], [], [], [], [], [], [], [], [], [], [], [], [], [], ['IDA', 'IEA'], [], [], [], [], [], [], [], [], [], [], ['IDA', 'IEA'], [], [], [], [], [], [], [], [], [], ['IDA', 'IEA'], [], [], [], [], ['IEA'], [], [], [], [], [], [], [], [], [], [], [], [], [], [], [], [], ['IDA', 'IEA'], [], [], [], [], [], [], [], [], [], [], [], [], [], [], [], [], [], [], [], [], [], [], [], [], [], [], [], []]",nuclear speck,GO:0016607,0.028554861717759523,['GO:0016604'],0.03759398496240601,query_1,133,0.060240963855421686,True,GO:CC,83,747,8
"""Enables the transfer of a specific substance or related group of substances from one side of a membrane to the other, up the solute's concentration gradient. The transporter binds the solute and undergoes a series of conformational changes. Transport works equally well in either direction."" [GOC:mtg_transport, ISBN:0815340729]",22878,3529,12,"[['IDA', 'IEA'], ['IEA'], [], [], [], [], [], [], [], [], [], [], [], [], [], [], [], [], [], [], [], [], [], [], [], [], [], [], [], [], [], [], [], [], [], [], [], [], [], [], [], [], [], [], [], [], [], [], [], [], [], [], [], [], [], [], [], [], [], [], [], [], [], [], [], [], [], [], [], [], [], [], [], ['IEA'], [], [], [], [], [], [], [], [], [], [], [], [], [], [], [], [], [], [], [], [], [], [], [], [], [], [], [], [], [], [], [], [], [], [], [], [], [], [], [], [], [], [], [], [], [], ['IEA'], [], [], [], [], [], [], [], [], [], ['IEA'], ['IEA'], [], ['IEA'], ['IEA'], ['IEA'], [], ['IEA'], [], ['IEA'], [], ['IEA'], [], [], [], [], [], [], [], []]",active transmembrane transporter activity,GO:0022804,0.03212808018325233,['GO:0022857'],0.08823529411764706,query_1,136,0.022770398481973434,True,GO:MF,527,3529,1
"""Organized structure of distinctive morphology and function, bounded by a single or double lipid bilayer membrane. Includes the nucleus, mitochondria, plastids, vacuoles, and vesicles. Excludes the plasma membrane."" [GOC:go_curators]",20029,38031,98,"[['HDA', 'TAS', 'IEA'], [], ['HDA', 'IEA'], ['HDA', 'TAS', 'IEA'], [], ['IDA', 'IEA'], ['ISS', 'IEA'], ['IDA', 'HDA', 'IEA'], ['IDA', 'HDA', 'IEA'], [], [], [], [], ['HDA', 'IEA'], [], [], [], ['IDA', 'HDA', 'IEA'], [], ['IDA', 'HDA', 'IEA'], [], [], [], [], [], [], [], ['HDA'], ['IEA'], ['IEA'], [], ['HDA'], ['HDA'], [], ['IDA', 'HDA', 'IEA'], ['HDA'], [], [], ['HDA'], ['IEA'], ['IDA', 'IEA'], ['IDA', 'HDA', 'IEA'], ['IDA', 'IEA'], ['IDA', 'HDA', 'IEA'], ['IDA', 'IEA'], ['HDA'], ['IDA', 'IEA'], ['HDA'], ['IEA'], [], [], [], ['HDA'], [], ['HDA', 'IEA'], ['IDA', 'IEA'], ['HDA'], [], ['IDA', 'HDA', 'IEA'], ['IDA', 'HDA', 'IEA'], ['IDA', 'HDA', 'IEA'], [], [], ['HDA', 'IEA'], ['ISS', 'IEA'], [], ['IBA', 'IEA'], ['HDA', 'IEA'], ['IDA', 'HDA', 'TAS', 'IEA'], ['IDA'], [], ['IPI'], ['IDA', 'IEA'], ['IEA'], [], ['IDA', 'IEA'], [], ['IDA', 'IPI', 'HDA', 'IEA'], ['IDA', 'IEA'], ['IDA', 'IEA'], ['IEA'], [], ['IDA', 'HDA', 'IEA'], [], ['IEA'], ['IDA'], [], [], ['IDA', 'IEA'], [], [], ['IDA', 'HDA', 'IEA'], [], ['HDA'], [], ['IDA', 'HDA', 'TAS', 'IEA'], ['IDA', 'IEA'], ['IDA', 'IEA'], ['IDA', 'ISS', 'IEA'], ['HDA', 'IBA', 'IEA'], [], ['IDA'], ['IBA', 'IEA'], ['IEA'], [], ['IDA', 'IEA'], [], [], ['IDA', 'IEA'], ['IDA'], ['IDA', 'HDA', 'IBA', 'IEA'], ['HDA', 'IEA'], ['HDA', 'IEA'], ['IDA', 'HDA', 'IEA'], [], ['HDA', 'IEA'], ['HDA', 'IEA'], ['HDA', 'IEA'], ['IDA', 'IEA'], ['HDA', 'IEA'], ['IDA', 'IEA'], ['HDA', 'IEA'], [], ['HDA'], ['IDA', 'HDA', 'IEA'], [], ['IEA'], [], [], ['IDA', 'HDA', 'IEA'], ['IDA', 'HDA', 'IEA'], ['IEA'], ['IEA'], ['IEA'], ['IEA'], ['IEA'], ['IEA'], ['IEA'], ['IEA'], ['IEA'], [], ['HDA', 'IEA'], ['HDA', 'IEA'], ['HDA', 'TAS', 'IEA'], ['HDA', 'IEA'], ['HDA', 'IEA'], ['HDA', 'IEA'], ['IDA', 'IEA'], []]",membrane-bounded organelle,GO:0043227,0.03599570586404884,['GO:0043226'],0.7368421052631579,query_1,133,0.008288928359976317,True,GO:CC,11823,1841,5
"""A part of a cellular organism consisting of a material entity with granularity above the level of a protein complex but below that of an anatomical system. Note that cellular organisms exclude viruses."" [GOC:kmv]",20029,39558,132,"[['HDA', 'TAS', 'IEA'], ['ISS', 'IEA'], ['HDA', 'IEA'], ['HDA', 'TAS', 'IEA'], ['HDA', 'IEA'], ['IDA', 'IEA'], ['ISS', 'IEA'], ['IDA', 'HDA', 'IEA'], ['IDA', 'HDA', 'IEA'], ['IEA'], [], ['IEA'], ['IEA'], ['HDA', 'IEA'], [], ['HDA', 'IEA'], ['HDA'], ['IDA', 'HDA', 'IEA'], [], ['IDA', 'HDA', 'IEA'], [], [], [], [], ['IEA'], ['HDA'], ['IEA'], ['HDA'], ['IEA'], ['IEA'], ['HDA'], ['HDA'], ['HDA'], ['HDA', 'IEA'], ['IDA', 'HDA', 'IEA'], ['HDA', 'IEA'], ['HDA', 'IEA'], ['IDA', 'HDA', 'IEA'], ['HDA', 'IEA'], ['IEA'], ['IDA', 'HDA', 'IEA'], ['IDA', 'HDA', 'IEA'], ['IDA', 'IEA'], ['IDA', 'HDA', 'IEA'], ['IDA', 'IEA'], ['HDA', 'IEA'], ['IDA', 'IEA'], ['HDA'], ['IEA'], ['IEA'], ['IEA'], ['IBA', 'IEA'], ['HDA', 'IEA'], ['HDA'], ['HDA', 'IEA'], ['IDA', 'IEA'], ['HDA', 'IEA'], [], ['IDA', 'HDA', 'IEA'], ['IDA', 'HDA', 'TAS', 'IEA'], ['IDA', 'HDA', 'IEA'], [], ['NAS', 'IEA'], ['HDA', 'NAS', 'IEA'], ['ISS', 'IEA'], ['IDA', 'IBA', 'IEA'], ['IBA', 'IEA'], ['IDA', 'HDA', 'IEA'], ['IDA', 'HDA', 'TAS', 'IEA'], ['IDA'], ['IDA', 'IEA'], ['IDA', 'IPI', 'IEA'], ['IDA', 'HDA', 'ISS', 'IEA'], ['IEA'], ['IEA'], ['IDA', 'NAS', 'IEA'], ['IEA'], ['IDA', 'IPI', 'HDA', 'IEA'], ['IDA', 'IEA'], ['IDA', 'IEA'], ['IEA'], ['IDA', 'ISS', 'IEA'], ['IDA', 'HDA', 'IEA'], [], ['IEA'], ['IDA', 'IEA'], ['IDA'], [], ['IDA', 'IEA'], ['IDA', 'IEA'], ['IEA'], ['IDA', 'HDA', 'IEA'], [], ['HDA', 'IEA'], [], ['IDA', 'HDA', 'TAS', 'IEA'], ['IDA', 'IEA'], ['IDA', 'IEA'], ['IDA', 'ISS', 'IEA'], ['HDA', 'IBA', 'IEA'], ['IEA'], ['IDA', 'HDA', 'IEA'], ['IBA', 'IEA'], ['IEA'], ['IDA', 'IEA'], ['IDA', 'IEA'], ['IEA'], ['IEA'], ['IDA', 'IEA'], ['IDA', 'HDA', 'IEA'], ['IDA', 'HDA', 'IBA', 'IEA'], ['HDA', 'IEA'], ['HDA', 'IEA'], ['IDA', 'HDA', 'IEA'], [], ['HDA', 'IEA'], ['HDA', 'IEA'], ['IDA', 'HDA', 'IEA'], ['IDA', 'IEA'], ['HDA', 'IEA'], ['IDA', 'IEA'], ['HDA', 'IEA'], ['IEA'], ['IDA', 'HDA', 'ISS', 'IEA'], ['IDA', 'HDA', 'IEA'], [], ['IEA'], ['IDA', 'IEA'], ['IEA'], ['IDA', 'HDA', 'IEA'], ['IDA', 'HDA', 'IEA'], ['IEA'], ['IEA'], ['IEA'], ['IEA'], ['IEA'], ['IEA'], ['IEA'], ['IEA'], ['IEA'], [], ['HDA', 'TAS', 'IEA'], ['HDA', 'IEA'], ['HDA', 'TAS', 'IEA'], ['HDA', 'IEA'], ['HDA', 'IEA'], ['HDA', 'IEA'], ['IDA', 'IEA'], []]",cellular anatomical structure,GO:0110165,0.03675322263564065,['GO:0005575'],0.9924812030075187,query_1,133,0.007136292371735957,True,GO:CC,18497,3368,5
"""The double lipid bilayer enclosing a plastid and separating its contents from the rest of the cytoplasm; includes the intermembrane space."" [GOC:jy]",20029,36777,17,"[['HDA'], [], [], ['HDA', 'TAS', 'IEA'], [], [], [], [], [], [], [], [], [], [], [], [], [], [], [], [], [], [], [], [], [], [], [], [], [], [], [], [], [], [], ['IDA', 'HDA', 'IEA'], [], [], [], [], [], [], [], ['IDA', 'IEA'], ['IDA', 'HDA'], [], [], [], [], [], [], [], [], [], [], [], [], [], [], [], [], [], [], [], [], ['IEA'], [], [], [], [], [], [], [], [], [], [], [], [], [], [], [], [], [], [], [], [], [], [], [], [], [], [], [], [], [], [], [], [], [], [], [], [], [], [], [], [], [], [], [], [], [], [], [], [], [], [], [], [], ['HDA', 'IEA'], [], ['HDA'], [], ['IEA'], [], [], [], [], [], [], [], ['IDA', 'HDA', 'IEA'], ['IDA', 'HDA', 'IEA'], [], [], [], [], [], [], [], [], [], [], ['HDA', 'IEA'], ['HDA', 'IEA'], ['HDA', 'IEA'], ['HDA', 'IEA'], ['HDA', 'IEA'], ['HDA'], [], []]",plastid envelope,GO:0009526,0.0368481400728657,"['GO:0009536', 'GO:0031967']",0.12781954887218044,query_1,133,0.01720647773279352,True,GO:CC,988,587,5
"""Organized structure of distinctive morphology and function. Includes the nucleus, mitochondria, plastids, vacuoles, vesicles, ribosomes and the cytoskeleton, and prokaryotic structures such as anammoxosomes and pirellulosomes. Excludes the plasma membrane."" [GOC:go_curators]",20029,38030,101,"[['HDA', 'TAS', 'IEA'], [], ['HDA', 'IEA'], ['HDA', 'TAS', 'IEA'], [], ['IDA', 'IEA'], ['ISS', 'IEA'], ['IDA', 'HDA', 'IEA'], ['IDA', 'HDA', 'IEA'], [], [], ['IEA'], [], ['HDA', 'IEA'], [], [], [], ['IDA', 'HDA', 'IEA'], [], ['IDA', 'HDA', 'IEA'], [], [], [], [], [], [], [], ['HDA'], ['IEA'], ['IEA'], [], ['HDA'], ['HDA'], [], ['IDA', 'HDA', 'IEA'], ['HDA'], [], [], ['HDA'], ['IEA'], ['IDA', 'IEA'], ['IDA', 'HDA', 'IEA'], ['IDA', 'IEA'], ['IDA', 'HDA', 'IEA'], ['IDA', 'IEA'], ['HDA'], ['IDA', 'IEA'], ['HDA'], ['IEA'], [], [], [], ['HDA'], [], ['HDA', 'IEA'], ['IDA', 'IEA'], ['HDA', 'IEA'], [], ['IDA', 'HDA', 'IEA'], ['IDA', 'HDA', 'IEA'], ['IDA', 'HDA', 'IEA'], [], [], ['HDA', 'NAS', 'IEA'], ['ISS', 'IEA'], [], ['IBA', 'IEA'], ['IDA', 'HDA', 'IEA'], ['IDA', 'HDA', 'TAS', 'IEA'], ['IDA'], ['IDA', 'IEA'], ['IPI'], ['IDA', 'HDA', 'IEA'], ['IEA'], [], ['IDA', 'NAS', 'IEA'], [], ['IDA', 'IPI', 'HDA', 'IEA'], ['IDA', 'IEA'], ['IDA', 'IEA'], ['IEA'], [], ['IDA', 'HDA', 'IEA'], [], ['IEA'], ['IDA'], [], [], ['IDA', 'IEA'], [], [], ['IDA', 'HDA', 'IEA'], [], ['HDA'], [], ['IDA', 'HDA', 'TAS', 'IEA'], ['IDA', 'IEA'], ['IDA', 'IEA'], ['IDA', 'ISS', 'IEA'], ['HDA', 'IBA', 'IEA'], [], ['IDA'], ['IBA', 'IEA'], ['IEA'], [], ['IDA', 'IEA'], [], [], ['IDA', 'IEA'], ['IDA'], ['IDA', 'HDA', 'IBA', 'IEA'], ['HDA', 'IEA'], ['HDA', 'IEA'], ['IDA', 'HDA', 'IEA'], [], ['HDA', 'IEA'], ['HDA', 'IEA'], ['IDA', 'HDA', 'IEA'], ['IDA', 'IEA'], ['HDA', 'IEA'], ['IDA', 'IEA'], ['HDA', 'IEA'], [], ['HDA'], ['IDA', 'HDA', 'IEA'], [], ['IEA'], ['IDA', 'IEA'], [], ['IDA', 'HDA', 'IEA'], ['IDA', 'HDA', 'IEA'], ['IEA'], ['IEA'], ['IEA'], ['IEA'], ['IEA'], ['IEA'], ['IEA'], ['IEA'], ['IEA'], [], ['HDA', 'TAS', 'IEA'], ['HDA', 'IEA'], ['HDA', 'TAS', 'IEA'], ['HDA', 'IEA'], ['HDA', 'IEA'], ['HDA', 'IEA'], ['IDA', 'IEA'], []]",organelle,GO:0043226,0.037013634615276576,['GO:0110165'],0.7593984962406015,query_1,133,0.008194061333766023,True,GO:CC,12326,1840,5
"""Enables the transfer of an inorganic molecular entity from the outside of a cell to the inside of the cell across a membrane. An inorganic molecular entity is a molecular entity that contains no carbon."" [GOC:mtg_transport, ISBN:0815340729]",22878,2425,11,"[[], [], [], [], [], [], [], [], [], [], [], [], [], ['IEA'], [], [], [], [], [], [], [], [], [], [], [], [], [], [], [], [], [], [], [], [], [], [], [], [], [], [], [], [], [], [], [], [], [], [], [], [], [], [], [], [], [], [], [], [], [], [], [], [], [], [], [], [], [], [], [], [], [], [], [], ['IEA'], [], [], [], [], [], [], [], [], [], [], [], [], [], [], [], [], [], [], [], [], [], [], [], [], [], [], [], [], [], [], [], [], [], [], [], [], [], [], [], [], [], [], [], [], [], ['IEA'], [], [], [], [], [], [], [], [], [], ['IEA'], ['IEA'], [], ['IEA'], ['IEA'], ['IEA'], [], ['IEA'], [], ['IEA'], [], ['IEA'], [], [], [], [], [], [], [], []]",inorganic molecular entity transmembrane transporter activity,GO:0015318,0.0412739361125182,['GO:0022857'],0.08088235294117647,query_1,136,0.023965141612200435,True,GO:MF,459,2425,1
"""Catalysis of the reactions: ATP + protein serine = ADP + protein serine phosphate, and ATP + protein threonine = ADP + protein threonine phosphate."" [EC:2.7.11.-, GOC:bf, PMID:2956925]",22878,949,16,"[[], [], [], [], [], [], [], [], [], ['IEA'], ['IEA'], [], [], [], [], ['IEA'], [], [], [], [], [], [], [], [], [], [], [], [], [], [], [], [], [], [], [], [], [], ['IEA'], ['IEA'], [], [], [], [], [], ['IEA'], [], [], [], [], ['IEA'], [], [], [], [], [], ['IEA'], [], [], [], [], [], [], [], [], [], ['IDA', 'IEA'], [], [], [], [], [], [], [], [], [], [], [], [], [], [], [], [], [], ['IEA'], [], [], [], [], [], ['ISS', 'IEA'], ['IEA'], [], [], [], [], [], [], [], [], [], [], [], [], [], ['IDA', 'IEA'], [], [], [], [], [], [], [], [], [], [], [], [], [], [], [], [], [], ['ISS', 'IEA'], ['IEA'], [], ['IEA'], [], [], [], [], [], [], [], [], [], [], [], [], [], [], [], [], [], [], [], [], [], [], []]",protein serine/threonine kinase activity,GO:0004674,0.042087081725325666,['GO:0004672'],0.11764705882352941,query_1,136,0.017660044150110375,True,GO:MF,906,949,3
"""Catalysis of an oxidation-reduction (redox) reaction in which NADH or NADPH acts as a hydrogen or electron donor and reduces a hydrogen or electron acceptor."" [GOC:ai]",22878,2817,5,"[[], [], [], [], [], [], [], [], [], [], [], [], [], [], [], [], [], [], [], [], [], [], [], [], [], [], [], [], [], [], [], [], [], [], [], [], [], [], [], [], [], [], [], [], [], [], [], [], [], [], [], [], [], [], [], [], [], [], [], [], [], [], [], [], [], [], [], [], [], [], [], [], [], [], [], [], [], [], [], [], [], [], [], [], [], [], [], [], [], [], [], [], [], [], [], [], [], [], [], [], [], [], [], [], [], [], [], [], [], [], [], [], [], [], [], [], [], [], [], [], [], [], [], [], [], [], [], [], [], [], [], [], [], [], [], [], ['IEA'], ['IEA'], ['IEA'], ['IEA'], ['IEA'], [], [], [], [], [], [], [], []]","oxidoreductase activity, acting on NAD(P)H",GO:0016651,0.043922639233051876,['GO:0016491'],0.03676470588235294,query_1,136,0.0641025641025641,True,GO:MF,78,2817,4
"""The chemical reactions and pathways involving ATP, adenosine triphosphate, a universally important coenzyme and enzyme regulator."" [GOC:go_curators]",21925,21803,6,"[[], [], [], [], [], [], [], [], [], [], [], [], [], ['IEA'], [], [], [], [], [], [], [], [], [], [], [], [], [], [], [], [], [], [], [], [], [], [], [], [], [], [], [], [], [], [], [], [], [], [], [], [], [], [], [], [], [], [], [], [], [], ['TAS', 'IEA'], [], [], [], [], [], [], [], [], ['IEA'], [], [], [], [], [], [], [], [], [], [], [], [], [], [], [], [], [], [], [], [], [], [], [], [], [], [], [], [], [], [], [], [], [], [], [], [], [], [], [], [], [], [], [], [], [], [], [], [], [], [], ['IEA'], [], [], [], [], [], [], [], [], [], ['IEA'], ['IEA'], [], [], [], [], [], [], [], [], [], [], [], [], [], [], [], [], [], []]",ATP metabolic process,GO:0046034,0.04532652403074743,"['GO:0009150', 'GO:0009205']",0.04477611940298507,query_1,134,0.05309734513274336,True,GO:BP,113,11649,11
"""The chemical reactions and pathways resulting in the formation of ATP driven by transport of protons across a membrane to generate an electrochemical gradient (proton-motive force)."" [GOC:vw]",21925,15192,4,"[[], [], [], [], [], [], [], [], [], [], [], [], [], ['IEA'], [], [], [], [], [], [], [], [], [], [], [], [], [], [], [], [], [], [], [], [], [], [], [], [], [], [], [], [], [], [], [], [], [], [], [], [], [], [], [], [], [], [], [], [], [], [], [], [], [], [], [], [], [], [], [], [], [], [], [], [], [], [], [], [], [], [], [], [], [], [], [], [], [], [], [], [], [], [], [], [], [], [], [], [], [], [], [], [], [], [], [], [], [], [], [], [], [], [], [], [], [], [], [], [], [], ['IEA'], [], [], [], [], [], [], [], [], [], ['IEA'], ['IEA'], [], [], [], [], [], [], [], [], [], [], [], [], [], [], [], [], [], []]",proton motive force-driven ATP synthesis,GO:0015986,0.04956565849579417,['GO:0006754'],0.029850746268656716,query_1,134,0.10810810810810811,True,GO:BP,37,5038,11
"""The chemical reactions and pathways resulting in the formation of ATP, adenosine 5'-triphosphate, a universally important coenzyme and enzyme regulator."" [GOC:go_curators, ISBN:0198506732]",21925,12597,4,"[[], [], [], [], [], [], [], [], [], [], [], [], [], ['IEA'], [], [], [], [], [], [], [], [], [], [], [], [], [], [], [], [], [], [], [], [], [], [], [], [], [], [], [], [], [], [], [], [], [], [], [], [], [], [], [], [], [], [], [], [], [], [], [], [], [], [], [], [], [], [], [], [], [], [], [], [], [], [], [], [], [], [], [], [], [], [], [], [], [], [], [], [], [], [], [], [], [], [], [], [], [], [], [], [], [], [], [], [], [], [], [], [], [], [], [], [], [], [], [], [], [], ['IEA'], [], [], [], [], [], [], [], [], [], ['IEA'], ['IEA'], [], [], [], [], [], [], [], [], [], [], [], [], [], [], [], [], [], []]",ATP biosynthetic process,GO:0006754,0.04956565849579417,"['GO:0009152', 'GO:0009206', 'GO:0046034']",0.029850746268656716,query_1,134,0.10810810810810811,True,GO:BP,37,2443,11
